<?xml version="1.0" encoding="UTF-8"?>
<project-private xmlns="http://www.netbeans.org/ns/project-private/1">
    <editor-bookmarks xmlns="http://www.netbeans.org/ns/editor-bookmarks/2" lastBookmarkId="0"/>
    <open-files xmlns="http://www.netbeans.org/ns/projectui-open-files/2">
        <group>
            <file>file:/Users/G_UNIT/NetBeansProjects/AffableBean5/web/WEB-INF/jspf/header.jspf</file>
            <file>file:/Users/G_UNIT/NetBeansProjects/AffableBean5/src/java/controller/ControllerServlet.java</file>
            <file>file:/Users/G_UNIT/NetBeansProjects/AffableBean5/src/java/session/CategoryFacade.java</file>
            <file>file:/Users/G_UNIT/NetBeansProjects/AffableBean5/src/conf/persistence.xml</file>
            <file>file:/Users/G_UNIT/NetBeansProjects/AffableBean5/src/java/cart/ShoppingCart.java</file>
            <file>file:/Users/G_UNIT/NetBeansProjects/AffableBean5/src/java/entity/OrderedProductPK.java</file>
            <file>file:/Users/G_UNIT/NetBeansProjects/AffableBean5/web/img/logoText.png</file>
            <file>file:/Users/G_UNIT/NetBeansProjects/AffableBean5/web/index.jsp</file>
            <file>file:/Users/G_UNIT/NetBeansProjects/AffableBean5/src/java/session/ProductFacade.java</file>
            <file>file:/Users/G_UNIT/NetBeansProjects/AffableBean5/src/java/entity/OrderedProduct.java</file>
            <file>file:/Users/G_UNIT/NetBeansProjects/AffableBean5/web/WEB-INF/view/category.jsp</file>
            <file>file:/Users/G_UNIT/NetBeansProjects/AffableBean5/web/css/affablebean.css</file>
            <file>file:/Users/G_UNIT/NetBeansProjects/AffableBean5/src/java/session/CustomerOrderFacade.java</file>
            <file>file:/Users/G_UNIT/NetBeansProjects/AffableBean5/web/WEB-INF/jspf/footer.jspf</file>
            <file>file:/Users/G_UNIT/NetBeansProjects/AffableBean5/src/java/session/CustomerFacade.java</file>
            <file>file:/Users/G_UNIT/NetBeansProjects/AffableBean5/src/java/entity/Book.java</file>
            <file>file:/Users/G_UNIT/NetBeansProjects/AffableBean5/web/WEB-INF/view/checkout.jsp</file>
            <file>file:/Users/G_UNIT/NetBeansProjects/AffableBean5/web/WEB-INF/view/confirmation.jsp</file>
            <file>file:/Users/G_UNIT/NetBeansProjects/AffableBean5/src/java/entity/Category.java</file>
            <file>file:/Users/G_UNIT/NetBeansProjects/AffableBean5/web/WEB-INF/web.xml</file>
            <file>file:/Users/G_UNIT/NetBeansProjects/AffableBean5/src/java/entity/Product.java</file>
            <file>file:/Users/G_UNIT/NetBeansProjects/AffableBean5/web/WEB-INF/view/cart.jsp</file>
            <file>file:/Users/G_UNIT/NetBeansProjects/AffableBean5/src/java/entity/Customer.java</file>
            <file>file:/Users/G_UNIT/NetBeansProjects/AffableBean5/src/java/session/OrderedProductFacade.java</file>
            <file>file:/Users/G_UNIT/NetBeansProjects/AffableBean5/src/java/entity/Order.java</file>
            <file>file:/Users/G_UNIT/NetBeansProjects/AffableBean5/setup/sun-resources.xml</file>
            <file>file:/Users/G_UNIT/NetBeansProjects/AffableBean5/src/java/entity/CustomerOrder.java</file>
            <file>file:/Users/G_UNIT/NetBeansProjects/AffableBean5/src/java/session/AbstractFacade.java</file>
            <file>file:/Users/G_UNIT/NetBeansProjects/AffableBean5/web/img/logo.png</file>
            <file>file:/Users/G_UNIT/NetBeansProjects/AffableBean5/src/java/cart/ShoppingCartItem.java</file>
        </group>
    </open-files>
</project-private>
